<?xml version="1.0" encoding="utf-8"?>	<health>		<item>			<height>171</height>			<weight>73</weight>			<hr>112</hr>			<bph>106</bph>			<bpl>63</bpl>			<goal>7</goal>		</item>		<item>			<height>179</height>			<weight>70</weight>			<hr>100</hr>			<bph>113</bph>			<bpl>81</bpl>			<goal>10</goal>		</item>		<item>			<height>178</height>			<weight>64</weight>			<hr>124</hr>			<bph>105</bph>			<bpl>76</bpl>			<goal>2</goal>		</item>		<item>			<height>183</height>			<weight>80</weight>			<hr>108</hr>			<bph>113</bph>			<bpl>74</bpl>			<goal>7</goal>		</item>		<item>			<height>175</height>			<weight>62</weight>			<hr>111</hr>			<bph>99</bph>			<bpl>82</bpl>			<goal>10</goal>		</item>		<item>			<height>167</height>			<weight>42</weight>			<hr>82</hr>			<bph>116</bph>			<bpl>90</bpl>			<goal>7</goal>		</item>		<item>			<height>185</height>			<weight>74</weight>			<hr>126</hr>			<bph>101</bph>			<bpl>88</bpl>			<goal>8</goal>		</item>		<item>			<height>179</height>			<weight>74</weight>			<hr>113</hr>			<bph>97</bph>			<bpl>67</bpl>			<goal>4</goal>		</item>		<item>			<height>187</height>			<weight>43</weight>			<hr>95</hr>			<bph>107</bph>			<bpl>89</bpl>			<goal>9</goal>		</item>		<item>			<height>189</height>			<weight>70</weight>			<hr>115</hr>			<bph>105</bph>			<bpl>83</bpl>			<goal>7</goal>		</item>		<item>			<height>174</height>			<weight>60</weight>			<hr>121</hr>			<bph>100</bph>			<bpl>62</bpl>			<goal>8</goal>		</item>		<item>			<height>182</height>			<weight>68</weight>			<hr>127</hr>			<bph>116</bph>			<bpl>77</bpl>			<goal>9</goal>		</item>		<item>			<height>185</height>			<weight>68</weight>			<hr>128</hr>			<bph>108</bph>			<bpl>63</bpl>			<goal>8</goal>		</item>		<item>			<height>190</height>			<weight>42</weight>			<hr>112</hr>			<bph>119</bph>			<bpl>66</bpl>			<goal>1</goal>		</item>		<item>			<height>183</height>			<weight>74</weight>			<hr>120</hr>			<bph>111</bph>			<bpl>68</bpl>			<goal>4</goal>		</item>		<item>			<height>168</height>			<weight>71</weight>			<hr>110</hr>			<bph>119</bph>			<bpl>83</bpl>			<goal>6</goal>		</item>		<item>			<height>176</height>			<weight>64</weight>			<hr>121</hr>			<bph>108</bph>			<bpl>72</bpl>			<goal>8</goal>		</item>		<item>			<height>178</height>			<weight>49</weight>			<hr>84</hr>			<bph>104</bph>			<bpl>80</bpl>			<goal>2</goal>		</item>		<item>			<height>188</height>			<weight>44</weight>			<hr>85</hr>			<bph>110</bph>			<bpl>83</bpl>			<goal>8</goal>		</item>		<item>			<height>175</height>			<weight>54</weight>			<hr>126</hr>			<bph>111</bph>			<bpl>60</bpl>			<goal>6</goal>		</item>		<item>			<height>167</height>			<weight>42</weight>			<hr>87</hr>			<bph>115</bph>			<bpl>62</bpl>			<goal>3</goal>		</item>		<item>			<height>161</height>			<weight>61</weight>			<hr>96</hr>			<bph>98</bph>			<bpl>69</bpl>			<goal>4</goal>		</item>		<item>			<height>167</height>			<weight>63</weight>			<hr>130</hr>			<bph>105</bph>			<bpl>82</bpl>			<goal>2</goal>		</item>		<item>			<height>182</height>			<weight>67</weight>			<hr>85</hr>			<bph>101</bph>			<bpl>78</bpl>			<goal>2</goal>		</item>		<item>			<height>167</height>			<weight>53</weight>			<hr>89</hr>			<bph>107</bph>			<bpl>73</bpl>			<goal>5</goal>		</item>		<item>			<height>178</height>			<weight>47</weight>			<hr>109</hr>			<bph>109</bph>			<bpl>72</bpl>			<goal>8</goal>		</item>		<item>			<height>190</height>			<weight>58</weight>			<hr>117</hr>			<bph>103</bph>			<bpl>75</bpl>			<goal>9</goal>		</item>		<item>			<height>164</height>			<weight>80</weight>			<hr>103</hr>			<bph>97</bph>			<bpl>84</bpl>			<goal>7</goal>		</item>		<item>			<height>183</height>			<weight>66</weight>			<hr>89</hr>			<bph>91</bph>			<bpl>81</bpl>			<goal>6</goal>		</item>		<item>			<height>174</height>			<weight>59</weight>			<hr>84</hr>			<bph>115</bph>			<bpl>66</bpl>			<goal>7</goal>		</item>		<item>			<height>170</height>			<weight>40</weight>			<hr>108</hr>			<bph>113</bph>			<bpl>68</bpl>			<goal>1</goal>		</item>		<item>			<height>161</height>			<weight>62</weight>			<hr>91</hr>			<bph>106</bph>			<bpl>84</bpl>			<goal>3</goal>		</item>		<item>			<height>161</height>			<weight>50</weight>			<hr>99</hr>			<bph>105</bph>			<bpl>62</bpl>			<goal>8</goal>		</item>		<item>			<height>188</height>			<weight>65</weight>			<hr>87</hr>			<bph>90</bph>			<bpl>60</bpl>			<goal>3</goal>		</item>		<item>			<height>179</height>			<weight>60</weight>			<hr>116</hr>			<bph>111</bph>			<bpl>70</bpl>			<goal>2</goal>		</item>		<item>			<height>179</height>			<weight>64</weight>			<hr>112</hr>			<bph>105</bph>			<bpl>87</bpl>			<goal>2</goal>		</item>		<item>			<height>171</height>			<weight>57</weight>			<hr>82</hr>			<bph>96</bph>			<bpl>86</bpl>			<goal>5</goal>		</item>		<item>			<height>166</height>			<weight>75</weight>			<hr>129</hr>			<bph>107</bph>			<bpl>90</bpl>			<goal>9</goal>		</item>		<item>			<height>161</height>			<weight>47</weight>			<hr>103</hr>			<bph>105</bph>			<bpl>88</bpl>			<goal>4</goal>		</item>		<item>			<height>166</height>			<weight>55</weight>			<hr>127</hr>			<bph>102</bph>			<bpl>70</bpl>			<goal>8</goal>		</item>		<item>			<height>189</height>			<weight>57</weight>			<hr>102</hr>			<bph>102</bph>			<bpl>69</bpl>			<goal>9</goal>		</item>		<item>			<height>178</height>			<weight>60</weight>			<hr>121</hr>			<bph>109</bph>			<bpl>73</bpl>			<goal>8</goal>		</item>		<item>			<height>186</height>			<weight>51</weight>			<hr>81</hr>			<bph>102</bph>			<bpl>68</bpl>			<goal>8</goal>		</item>		<item>			<height>190</height>			<weight>46</weight>			<hr>99</hr>			<bph>104</bph>			<bpl>70</bpl>			<goal>3</goal>		</item>		<item>			<height>161</height>			<weight>58</weight>			<hr>119</hr>			<bph>101</bph>			<bpl>79</bpl>			<goal>2</goal>		</item>		<item>			<height>170</height>			<weight>70</weight>			<hr>127</hr>			<bph>106</bph>			<bpl>78</bpl>			<goal>2</goal>		</item>		<item>			<height>170</height>			<weight>42</weight>			<hr>115</hr>			<bph>111</bph>			<bpl>79</bpl>			<goal>8</goal>		</item>		<item>			<height>166</height>			<weight>47</weight>			<hr>92</hr>			<bph>120</bph>			<bpl>66</bpl>			<goal>9</goal>		</item>		<item>			<height>189</height>			<weight>72</weight>			<hr>96</hr>			<bph>99</bph>			<bpl>63</bpl>			<goal>7</goal>		</item>		<item>			<height>179</height>			<weight>75</weight>			<hr>109</hr>			<bph>104</bph>			<bpl>82</bpl>			<goal>3</goal>		</item>	</health>